{
	"info": {
		"_postman_id": "5c102b4a-5baa-4c63-bae2-fd660428746d",
		"name": "EMPLEADOS",
		"schema": "https://schema.getpostman.com/json/collection/v2.1.0/collection.json",
		"_exporter_id": "38446658"
	},
	"item": [
		{
			"name": "consulta1",
			"request": {
				"auth": {
					"type": "noauth"
				},
				"method": "GET",
				"header": [],
				"url": {
					"raw": "http://localhost:8081/empleados/consulta1",
					"protocol": "http",
					"host": [
						"localhost"
					],
					"port": "8081",
					"path": [
						"empleados",
						"consulta1"
					]
				}
			},
			"response": []
		},
		{
			"name": "consulta2",
			"request": {
				"auth": {
					"type": "noauth"
				},
				"method": "GET",
				"header": [],
				"url": {
					"raw": "http://localhost:8081/empleados/consulta2",
					"protocol": "http",
					"host": [
						"localhost"
					],
					"port": "8081",
					"path": [
						"empleados",
						"consulta2"
					]
				}
			},
			"response": []
		},
		{
			"name": "consulta3",
			"request": {
				"auth": {
					"type": "noauth"
				},
				"method": "GET",
				"header": [],
				"url": {
					"raw": "http://localhost:8081/empleados/consulta3",
					"protocol": "http",
					"host": [
						"localhost"
					],
					"port": "8081",
					"path": [
						"empleados",
						"consulta3"
					]
				}
			},
			"response": []
		},
		{
			"name": "consulta4",
			"request": {
				"auth": {
					"type": "noauth"
				},
				"method": "GET",
				"header": [],
				"url": {
					"raw": "http://localhost:8081/empleados/consulta4",
					"protocol": "http",
					"host": [
						"localhost"
					],
					"port": "8081",
					"path": [
						"empleados",
						"consulta4"
					]
				}
			},
			"response": []
		},
		{
			"name": "consulta5",
			"request": {
				"auth": {
					"type": "noauth"
				},
				"method": "GET",
				"header": [],
				"url": {
					"raw": "http://localhost:8081/empleados/consulta5",
					"protocol": "http",
					"host": [
						"localhost"
					],
					"port": "8081",
					"path": [
						"empleados",
						"consulta5"
					]
				}
			},
			"response": []
		},
		{
			"name": "consulta11",
			"request": {
				"auth": {
					"type": "noauth"
				},
				"method": "GET",
				"header": [],
				"url": {
					"raw": "http://localhost:8081/empleados/consulta11",
					"protocol": "http",
					"host": [
						"localhost"
					],
					"port": "8081",
					"path": [
						"empleados",
						"consulta11"
					]
				}
			},
			"response": []
		},
		{
			"name": "consulta19",
			"request": {
				"auth": {
					"type": "noauth"
				},
				"method": "GET",
				"header": [],
				"url": {
					"raw": "http://localhost:8081/empleados/consulta19",
					"protocol": "http",
					"host": [
						"localhost"
					],
					"port": "8081",
					"path": [
						"empleados",
						"consulta19"
					]
				}
			},
			"response": []
		},
		{
			"name": "consulta20",
			"request": {
				"auth": {
					"type": "noauth"
				},
				"method": "GET",
				"header": [],
				"url": {
					"raw": "http://localhost:8081/empleados/consulta20",
					"protocol": "http",
					"host": [
						"localhost"
					],
					"port": "8081",
					"path": [
						"empleados",
						"consulta20"
					]
				}
			},
			"response": []
		},
		{
			"name": "consulta21",
			"request": {
				"auth": {
					"type": "noauth"
				},
				"method": "GET",
				"header": [],
				"url": {
					"raw": "http://localhost:8081/empleados/consulta21",
					"protocol": "http",
					"host": [
						"localhost"
					],
					"port": "8081",
					"path": [
						"empleados",
						"consulta21"
					]
				}
			},
			"response": []
		},
		{
			"name": "consulta22",
			"request": {
				"auth": {
					"type": "noauth"
				},
				"method": "GET",
				"header": [],
				"url": {
					"raw": "http://localhost:8081/empleados/consulta22",
					"protocol": "http",
					"host": [
						"localhost"
					],
					"port": "8081",
					"path": [
						"empleados",
						"consulta22"
					]
				}
			},
			"response": []
		},
		{
			"name": "consulta23",
			"request": {
				"auth": {
					"type": "noauth"
				},
				"method": "GET",
				"header": [],
				"url": {
					"raw": "http://localhost:8081/empleados/consulta23",
					"protocol": "http",
					"host": [
						"localhost"
					],
					"port": "8081",
					"path": [
						"empleados",
						"consulta23"
					]
				}
			},
			"response": []
		},
		{
			"name": "consulta24",
			"request": {
				"auth": {
					"type": "noauth"
				},
				"method": "GET",
				"header": [],
				"url": {
					"raw": "http://localhost:8081/empleados/consulta24",
					"protocol": "http",
					"host": [
						"localhost"
					],
					"port": "8081",
					"path": [
						"empleados",
						"consulta24"
					]
				}
			},
			"response": []
		},
		{
			"name": "consulta26",
			"request": {
				"auth": {
					"type": "noauth"
				},
				"method": "GET",
				"header": [],
				"url": {
					"raw": "http://localhost:8081/empleados/consulta26",
					"protocol": "http",
					"host": [
						"localhost"
					],
					"port": "8081",
					"path": [
						"empleados",
						"consulta26"
					]
				}
			},
			"response": []
		},
		{
			"name": "consulta34",
			"request": {
				"auth": {
					"type": "noauth"
				},
				"method": "GET",
				"header": [],
				"url": {
					"raw": "http://localhost:8081/empleados/consulta34",
					"protocol": "http",
					"host": [
						"localhost"
					],
					"port": "8081",
					"path": [
						"empleados",
						"consulta34"
					]
				}
			},
			"response": []
		},
		{
			"name": "consulta38",
			"request": {
				"auth": {
					"type": "noauth"
				},
				"method": "GET",
				"header": [],
				"url": {
					"raw": "http://localhost:8081/empleados/consulta38",
					"protocol": "http",
					"host": [
						"localhost"
					],
					"port": "8081",
					"path": [
						"empleados",
						"consulta38"
					]
				}
			},
			"response": []
		},
		{
			"name": "consulta39",
			"request": {
				"auth": {
					"type": "noauth"
				},
				"method": "GET",
				"header": [],
				"url": {
					"raw": "http://localhost:8081/empleados/consulta39",
					"protocol": "http",
					"host": [
						"localhost"
					],
					"port": "8081",
					"path": [
						"empleados",
						"consulta39"
					]
				}
			},
			"response": []
		},
		{
			"name": "consulta45",
			"request": {
				"auth": {
					"type": "noauth"
				},
				"method": "GET",
				"header": [],
				"url": {
					"raw": "http://localhost:8081/empleados/consulta45",
					"protocol": "http",
					"host": [
						"localhost"
					],
					"port": "8081",
					"path": [
						"empleados",
						"consulta45"
					]
				}
			},
			"response": []
		},
		{
			"name": "consulta47",
			"request": {
				"auth": {
					"type": "noauth"
				},
				"method": "GET",
				"header": [],
				"url": {
					"raw": "http://localhost:8081/empleados/consulta47",
					"protocol": "http",
					"host": [
						"localhost"
					],
					"port": "8081",
					"path": [
						"empleados",
						"consulta47"
					]
				}
			},
			"response": []
		},
		{
			"name": "consulta51",
			"request": {
				"auth": {
					"type": "noauth"
				},
				"method": "GET",
				"header": [],
				"url": {
					"raw": "http://localhost:8081/empleados/consulta51",
					"protocol": "http",
					"host": [
						"localhost"
					],
					"port": "8081",
					"path": [
						"empleados",
						"consulta51"
					]
				}
			},
			"response": []
		},
		{
			"name": "consulta52",
			"request": {
				"auth": {
					"type": "noauth"
				},
				"method": "GET",
				"header": [],
				"url": {
					"raw": "http://localhost:8081/empleados/consulta52",
					"protocol": "http",
					"host": [
						"localhost"
					],
					"port": "8081",
					"path": [
						"empleados",
						"consulta52"
					]
				}
			},
			"response": []
		},
		{
			"name": "consulta53",
			"request": {
				"auth": {
					"type": "noauth"
				},
				"method": "GET",
				"header": [],
				"url": {
					"raw": "http://localhost:8081/empleados/consulta53",
					"protocol": "http",
					"host": [
						"localhost"
					],
					"port": "8081",
					"path": [
						"empleados",
						"consulta53"
					]
				}
			},
			"response": []
		},
		{
			"name": "consulta54",
			"request": {
				"auth": {
					"type": "noauth"
				},
				"method": "GET",
				"header": [],
				"url": {
					"raw": "http://localhost:8081/empleados/consulta54",
					"protocol": "http",
					"host": [
						"localhost"
					],
					"port": "8081",
					"path": [
						"empleados",
						"consulta54"
					]
				}
			},
			"response": []
		},
		{
			"name": "consulta55",
			"request": {
				"auth": {
					"type": "noauth"
				},
				"method": "GET",
				"header": [],
				"url": {
					"raw": "http://localhost:8081/empleados/consulta55",
					"protocol": "http",
					"host": [
						"localhost"
					],
					"port": "8081",
					"path": [
						"empleados",
						"consulta55"
					]
				}
			},
			"response": []
		},
		{
			"name": "consulta56",
			"request": {
				"auth": {
					"type": "noauth"
				},
				"method": "GET",
				"header": [],
				"url": {
					"raw": "http://localhost:8081/empleados/consulta56",
					"protocol": "http",
					"host": [
						"localhost"
					],
					"port": "8081",
					"path": [
						"empleados",
						"consulta56"
					]
				}
			},
			"response": []
		},
		{
			"name": "consulta57",
			"request": {
				"auth": {
					"type": "noauth"
				},
				"method": "GET",
				"header": [],
				"url": {
					"raw": "http://localhost:8081/empleados/consulta57",
					"protocol": "http",
					"host": [
						"localhost"
					],
					"port": "8081",
					"path": [
						"empleados",
						"consulta57"
					]
				}
			},
			"response": []
		},
		{
			"name": "consulta58",
			"request": {
				"auth": {
					"type": "noauth"
				},
				"method": "GET",
				"header": [],
				"url": {
					"raw": "http://localhost:8081/empleados/consulta58",
					"protocol": "http",
					"host": [
						"localhost"
					],
					"port": "8081",
					"path": [
						"empleados",
						"consulta58"
					]
				}
			},
			"response": []
		},
		{
			"name": "consulta59",
			"request": {
				"auth": {
					"type": "noauth"
				},
				"method": "GET",
				"header": [],
				"url": {
					"raw": "http://localhost:8081/empleados/consulta59",
					"protocol": "http",
					"host": [
						"localhost"
					],
					"port": "8081",
					"path": [
						"empleados",
						"consulta59"
					]
				}
			},
			"response": []
		},
		{
			"name": "consulta60",
			"request": {
				"auth": {
					"type": "noauth"
				},
				"method": "GET",
				"header": [],
				"url": {
					"raw": "http://localhost:8081/empleados/consulta60",
					"protocol": "http",
					"host": [
						"localhost"
					],
					"port": "8081",
					"path": [
						"empleados",
						"consulta60"
					]
				}
			},
			"response": []
		},
		{
			"name": "consulta61",
			"request": {
				"auth": {
					"type": "noauth"
				},
				"method": "GET",
				"header": [],
				"url": {
					"raw": "http://localhost:8081/empleados/consulta61",
					"protocol": "http",
					"host": [
						"localhost"
					],
					"port": "8081",
					"path": [
						"empleados",
						"consulta61"
					]
				}
			},
			"response": []
		},
		{
			"name": "consulta62",
			"request": {
				"auth": {
					"type": "noauth"
				},
				"method": "GET",
				"header": [],
				"url": {
					"raw": "http://localhost:8081/empleados/consulta62",
					"protocol": "http",
					"host": [
						"localhost"
					],
					"port": "8081",
					"path": [
						"empleados",
						"consulta62"
					]
				}
			},
			"response": []
		},
		{
			"name": "consulta63",
			"request": {
				"auth": {
					"type": "noauth"
				},
				"method": "GET",
				"header": [],
				"url": {
					"raw": "http://localhost:8081/empleados/consulta63",
					"protocol": "http",
					"host": [
						"localhost"
					],
					"port": "8081",
					"path": [
						"empleados",
						"consulta63"
					]
				}
			},
			"response": []
		},
		{
			"name": "consulta64",
			"request": {
				"auth": {
					"type": "noauth"
				},
				"method": "GET",
				"header": [],
				"url": {
					"raw": "http://localhost:8081/empleados/consulta64",
					"protocol": "http",
					"host": [
						"localhost"
					],
					"port": "8081",
					"path": [
						"empleados",
						"consulta64"
					]
				}
			},
			"response": []
		},
		{
			"name": "consulta65",
			"request": {
				"auth": {
					"type": "noauth"
				},
				"method": "GET",
				"header": [],
				"url": {
					"raw": "http://localhost:8081/empleados/consulta65",
					"protocol": "http",
					"host": [
						"localhost"
					],
					"port": "8081",
					"path": [
						"empleados",
						"consulta65"
					]
				}
			},
			"response": []
		},
		{
			"name": "consulta66",
			"request": {
				"auth": {
					"type": "noauth"
				},
				"method": "GET",
				"header": [],
				"url": {
					"raw": "http://localhost:8081/empleados/consulta66",
					"protocol": "http",
					"host": [
						"localhost"
					],
					"port": "8081",
					"path": [
						"empleados",
						"consulta66"
					]
				}
			},
			"response": []
		},
		{
			"name": "consulta67",
			"request": {
				"auth": {
					"type": "noauth"
				},
				"method": "GET",
				"header": [],
				"url": {
					"raw": "http://localhost:8081/empleados/consulta67",
					"protocol": "http",
					"host": [
						"localhost"
					],
					"port": "8081",
					"path": [
						"empleados",
						"consulta67"
					]
				}
			},
			"response": []
		},
		{
			"name": "consulta68",
			"request": {
				"auth": {
					"type": "noauth"
				},
				"method": "GET",
				"header": [],
				"url": {
					"raw": "http://localhost:8081/empleados/consulta68",
					"protocol": "http",
					"host": [
						"localhost"
					],
					"port": "8081",
					"path": [
						"empleados",
						"consulta68"
					]
				}
			},
			"response": []
		},
		{
			"name": "consulta69",
			"request": {
				"auth": {
					"type": "noauth"
				},
				"method": "GET",
				"header": [],
				"url": {
					"raw": "http://localhost:8081/empleados/consulta69",
					"protocol": "http",
					"host": [
						"localhost"
					],
					"port": "8081",
					"path": [
						"empleados",
						"consulta69"
					]
				}
			},
			"response": []
		},
		{
			"name": "consulta70",
			"request": {
				"auth": {
					"type": "noauth"
				},
				"method": "GET",
				"header": [],
				"url": {
					"raw": "http://localhost:8081/empleados/consulta70",
					"protocol": "http",
					"host": [
						"localhost"
					],
					"port": "8081",
					"path": [
						"empleados",
						"consulta70"
					]
				}
			},
			"response": []
		},
		{
			"name": "consulta71",
			"request": {
				"auth": {
					"type": "noauth"
				},
				"method": "GET",
				"header": [],
				"url": {
					"raw": "http://localhost:8081/empleados/consulta71",
					"protocol": "http",
					"host": [
						"localhost"
					],
					"port": "8081",
					"path": [
						"empleados",
						"consulta71"
					]
				}
			},
			"response": []
		},
		{
			"name": "consulta72",
			"request": {
				"auth": {
					"type": "noauth"
				},
				"method": "GET",
				"header": [],
				"url": {
					"raw": "http://localhost:8081/empleados/consulta72",
					"protocol": "http",
					"host": [
						"localhost"
					],
					"port": "8081",
					"path": [
						"empleados",
						"consulta72"
					]
				}
			},
			"response": []
		},
		{
			"name": "consulta73",
			"request": {
				"auth": {
					"type": "noauth"
				},
				"method": "GET",
				"header": [],
				"url": {
					"raw": "http://localhost:8081/empleados/consulta73",
					"protocol": "http",
					"host": [
						"localhost"
					],
					"port": "8081",
					"path": [
						"empleados",
						"consulta73"
					]
				}
			},
			"response": []
		},
		{
			"name": "consulta74",
			"request": {
				"auth": {
					"type": "noauth"
				},
				"method": "GET",
				"header": [],
				"url": {
					"raw": "http://localhost:8081/empleados/consulta74",
					"protocol": "http",
					"host": [
						"localhost"
					],
					"port": "8081",
					"path": [
						"empleados",
						"consulta74"
					]
				}
			},
			"response": []
		},
		{
			"name": "consulta75",
			"request": {
				"auth": {
					"type": "noauth"
				},
				"method": "GET",
				"header": [],
				"url": {
					"raw": "http://localhost:8081/empleados/consulta75",
					"protocol": "http",
					"host": [
						"localhost"
					],
					"port": "8081",
					"path": [
						"empleados",
						"consulta75"
					]
				}
			},
			"response": []
		},
		{
			"name": "consulta76",
			"request": {
				"auth": {
					"type": "noauth"
				},
				"method": "GET",
				"header": [],
				"url": {
					"raw": "http://localhost:8081/empleados/consulta76",
					"protocol": "http",
					"host": [
						"localhost"
					],
					"port": "8081",
					"path": [
						"empleados",
						"consulta76"
					]
				}
			},
			"response": []
		},
		{
			"name": "consulta77",
			"request": {
				"auth": {
					"type": "noauth"
				},
				"method": "GET",
				"header": [],
				"url": {
					"raw": "http://localhost:8081/empleados/consulta77",
					"protocol": "http",
					"host": [
						"localhost"
					],
					"port": "8081",
					"path": [
						"empleados",
						"consulta77"
					]
				}
			},
			"response": []
		},
		{
			"name": "consulta78",
			"request": {
				"auth": {
					"type": "noauth"
				},
				"method": "GET",
				"header": [],
				"url": {
					"raw": "http://localhost:8081/empleados/consulta78",
					"protocol": "http",
					"host": [
						"localhost"
					],
					"port": "8081",
					"path": [
						"empleados",
						"consulta78"
					]
				}
			},
			"response": []
		},
		{
			"name": "consulta79",
			"request": {
				"auth": {
					"type": "noauth"
				},
				"method": "GET",
				"header": [],
				"url": {
					"raw": "http://localhost:8081/empleados/consulta79",
					"protocol": "http",
					"host": [
						"localhost"
					],
					"port": "8081",
					"path": [
						"empleados",
						"consulta79"
					]
				}
			},
			"response": []
		},
		{
			"name": "consulta80",
			"request": {
				"auth": {
					"type": "noauth"
				},
				"method": "GET",
				"header": [],
				"url": {
					"raw": "http://localhost:8081/empleados/consulta80",
					"protocol": "http",
					"host": [
						"localhost"
					],
					"port": "8081",
					"path": [
						"empleados",
						"consulta80"
					]
				}
			},
			"response": []
		},
		{
			"name": "consulta81",
			"request": {
				"auth": {
					"type": "noauth"
				},
				"method": "GET",
				"header": [],
				"url": {
					"raw": "http://localhost:8081/empleados/consulta81",
					"protocol": "http",
					"host": [
						"localhost"
					],
					"port": "8081",
					"path": [
						"empleados",
						"consulta81"
					]
				}
			},
			"response": []
		},
		{
			"name": "consulta82",
			"request": {
				"auth": {
					"type": "noauth"
				},
				"method": "GET",
				"header": [],
				"url": {
					"raw": "http://localhost:8081/empleados/consulta82",
					"protocol": "http",
					"host": [
						"localhost"
					],
					"port": "8081",
					"path": [
						"empleados",
						"consulta82"
					]
				}
			},
			"response": []
		},
		{
			"name": "consulta83",
			"request": {
				"auth": {
					"type": "noauth"
				},
				"method": "GET",
				"header": [],
				"url": {
					"raw": "http://localhost:8081/empleados/consulta83",
					"protocol": "http",
					"host": [
						"localhost"
					],
					"port": "8081",
					"path": [
						"empleados",
						"consulta83"
					]
				}
			},
			"response": []
		},
		{
			"name": "consulta84",
			"request": {
				"auth": {
					"type": "noauth"
				},
				"method": "GET",
				"header": [],
				"url": {
					"raw": "http://localhost:8081/empleados/consulta84",
					"protocol": "http",
					"host": [
						"localhost"
					],
					"port": "8081",
					"path": [
						"empleados",
						"consulta84"
					]
				}
			},
			"response": []
		},
		{
			"name": "consulta85",
			"request": {
				"auth": {
					"type": "noauth"
				},
				"method": "GET",
				"header": [],
				"url": {
					"raw": "http://localhost:8081/empleados/consulta85",
					"protocol": "http",
					"host": [
						"localhost"
					],
					"port": "8081",
					"path": [
						"empleados",
						"consulta85"
					]
				}
			},
			"response": []
		},
		{
			"name": "consulta86",
			"request": {
				"auth": {
					"type": "noauth"
				},
				"method": "GET",
				"header": [],
				"url": {
					"raw": "http://localhost:8081/empleados/consulta86",
					"protocol": "http",
					"host": [
						"localhost"
					],
					"port": "8081",
					"path": [
						"empleados",
						"consulta86"
					]
				}
			},
			"response": []
		},
		{
			"name": "consulta87",
			"request": {
				"auth": {
					"type": "noauth"
				},
				"method": "GET",
				"header": [],
				"url": {
					"raw": "http://localhost:8081/empleados/consulta87",
					"protocol": "http",
					"host": [
						"localhost"
					],
					"port": "8081",
					"path": [
						"empleados",
						"consulta87"
					]
				}
			},
			"response": []
		},
		{
			"name": "consulta88",
			"request": {
				"auth": {
					"type": "noauth"
				},
				"method": "GET",
				"header": [],
				"url": {
					"raw": "http://localhost:8081/empleados/consulta88",
					"protocol": "http",
					"host": [
						"localhost"
					],
					"port": "8081",
					"path": [
						"empleados",
						"consulta88"
					]
				}
			},
			"response": []
		},
		{
			"name": "consulta89",
			"request": {
				"auth": {
					"type": "noauth"
				},
				"method": "GET",
				"header": [],
				"url": {
					"raw": "http://localhost:8081/empleados/consulta89",
					"protocol": "http",
					"host": [
						"localhost"
					],
					"port": "8081",
					"path": [
						"empleados",
						"consulta89"
					]
				}
			},
			"response": []
		},
		{
			"name": "consulta90",
			"request": {
				"auth": {
					"type": "noauth"
				},
				"method": "GET",
				"header": [],
				"url": {
					"raw": "http://localhost:8081/empleados/consulta90",
					"protocol": "http",
					"host": [
						"localhost"
					],
					"port": "8081",
					"path": [
						"empleados",
						"consulta90"
					]
				}
			},
			"response": []
		},
		{
			"name": "consulta91",
			"request": {
				"auth": {
					"type": "noauth"
				},
				"method": "GET",
				"header": [],
				"url": {
					"raw": "http://localhost:8081/empleados/consulta91",
					"protocol": "http",
					"host": [
						"localhost"
					],
					"port": "8081",
					"path": [
						"empleados",
						"consulta91"
					]
				}
			},
			"response": []
		},
		{
			"name": "consulta92",
			"request": {
				"auth": {
					"type": "noauth"
				},
				"method": "GET",
				"header": [],
				"url": {
					"raw": "http://localhost:8081/empleados/consulta92",
					"protocol": "http",
					"host": [
						"localhost"
					],
					"port": "8081",
					"path": [
						"empleados",
						"consulta92"
					]
				}
			},
			"response": []
		},
		{
			"name": "consulta93",
			"request": {
				"auth": {
					"type": "noauth"
				},
				"method": "GET",
				"header": [],
				"url": {
					"raw": "http://localhost:8081/empleados/consulta93",
					"protocol": "http",
					"host": [
						"localhost"
					],
					"port": "8081",
					"path": [
						"empleados",
						"consulta93"
					]
				}
			},
			"response": []
		},
		{
			"name": "consulta94",
			"request": {
				"auth": {
					"type": "noauth"
				},
				"method": "GET",
				"header": [],
				"url": {
					"raw": "http://localhost:8081/empleados/consulta94",
					"protocol": "http",
					"host": [
						"localhost"
					],
					"port": "8081",
					"path": [
						"empleados",
						"consulta94"
					]
				}
			},
			"response": []
		},
		{
			"name": "consulta95",
			"request": {
				"auth": {
					"type": "noauth"
				},
				"method": "GET",
				"header": [],
				"url": {
					"raw": "http://localhost:8081/empleados/consulta95",
					"protocol": "http",
					"host": [
						"localhost"
					],
					"port": "8081",
					"path": [
						"empleados",
						"consulta95"
					]
				}
			},
			"response": []
		},
		{
			"name": "consulta96",
			"request": {
				"auth": {
					"type": "noauth"
				},
				"method": "GET",
				"header": [],
				"url": {
					"raw": "http://localhost:8081/empleados/consulta96",
					"protocol": "http",
					"host": [
						"localhost"
					],
					"port": "8081",
					"path": [
						"empleados",
						"consulta96"
					]
				}
			},
			"response": []
		},
		{
			"name": "consulta97",
			"request": {
				"auth": {
					"type": "noauth"
				},
				"method": "GET",
				"header": [],
				"url": {
					"raw": "http://localhost:8081/empleados/consulta97",
					"protocol": "http",
					"host": [
						"localhost"
					],
					"port": "8081",
					"path": [
						"empleados",
						"consulta97"
					]
				}
			},
			"response": []
		},
		{
			"name": "consulta98",
			"request": {
				"auth": {
					"type": "noauth"
				},
				"method": "GET",
				"header": [],
				"url": {
					"raw": "http://localhost:8081/empleados/consulta98",
					"protocol": "http",
					"host": [
						"localhost"
					],
					"port": "8081",
					"path": [
						"empleados",
						"consulta98"
					]
				}
			},
			"response": []
		},
		{
			"name": "consulta99",
			"request": {
				"auth": {
					"type": "noauth"
				},
				"method": "GET",
				"header": [],
				"url": {
					"raw": "http://localhost:8081/empleados/consulta99",
					"protocol": "http",
					"host": [
						"localhost"
					],
					"port": "8081",
					"path": [
						"empleados",
						"consulta99"
					]
				}
			},
			"response": []
		},
		{
			"name": "consulta100",
			"request": {
				"auth": {
					"type": "noauth"
				},
				"method": "GET",
				"header": [],
				"url": {
					"raw": "http://localhost:8081/empleados/consulta100",
					"protocol": "http",
					"host": [
						"localhost"
					],
					"port": "8081",
					"path": [
						"empleados",
						"consulta100"
					]
				}
			},
			"response": []
		}
	]
}